[
  {
    "title": "Fullmetal Alchemist: Brotherhood",
    "rank": 1,
    "score": 9.16,
    "url": "https://myanimelist.net/anime/5114/Fullmetal_Alchemist__Brotherhood",
    "image": "https://cdn.myanimelist.net/r/50x70/images/anime/1223/96541.jpg?s=faffcb677a5eacd17bf761edd78bfb3f",
    "info": {
      "type": "TV",
      "episodes": 64,
      "startDate": "2009-04-01",
      "endDate": "2010-07-01",
      "members": 2622263
    }
  },
  {
    "title": "Shingeki no Kyojin Season 3 Part 2",
    "rank": 2,
    "score": 9.1,
    "url": "https://myanimelist.net/anime/38524/Shingeki_no_Kyojin_Season_3_Part_2",
    "image": "https://cdn.myanimelist.net/r/50x70/images/anime/1517/100633.jpg?s=4540a01b5883647ade494cd28392f100",
    "info": {
      "type": "TV",
      "episodes": 10,
      "startDate": "2019-04-01",
      "endDate": "2019-07-01",
      "members": 1543513
    }
  },
  {
    "title": "Steins;Gate",
    "rank": 3,
    "score": 9.1,
    "url": "https://myanimelist.net/anime/9253/Steins_Gate",
    "image": "https://cdn.myanimelist.net/r/50x70/images/anime/5/73199.jpg?s=97b97d568f25a02cf5a22dda13b5371f",
    "info": {
      "type": "TV",
      "episodes": 24,
      "startDate": "2011-04-01",
      "endDate": "2011-09-01",
      "members": 2051968
    }
  },
  {
    "title": "Gintama°",
    "rank": 4,
    "score": 9.09,
    "url": "https://myanimelist.net/anime/28977/Gintama°",
    "image": "https://cdn.myanimelist.net/r/50x70/images/anime/3/72078.jpg?s=e9537ac90c08758594c787ede117f209",
    "info": {
      "type": "TV",
      "episodes": 51,
      "startDate": "2015-04-01",
      "endDate": "2016-03-01",
      "members": 472000
    }
  },
  {
    "title": "Fruits Basket: The Final",
    "rank": 5,
    "score": 9.08,
    "url": "https://myanimelist.net/anime/42938/Fruits_Basket__The_Final",
    "image": "https://cdn.myanimelist.net/r/50x70/images/anime/1085/114792.jpg?s=bb4303c0804c9d5ca9fcb30b8f8e6783",
    "info": {
      "type": "TV",
      "episodes": 13,
      "startDate": "2021-04-01",
      "endDate": "2021-06-01",
      "members": 260338
    }
  },
  {
    "title": "Gintama'",
    "rank": 6,
    "score": 9.06,
    "url": "https://myanimelist.net/anime/9969/Gintama",
    "image": "https://cdn.myanimelist.net/r/50x70/images/anime/4/50361.jpg?s=b3a061db8c3d42a055d58f9df1f3dac7",
    "info": {
      "type": "TV",
      "episodes": 51,
      "startDate": "2011-04-01",
      "endDate": "2012-03-01",
      "members": 420510
    }
  },
  {
    "title": "Hunter x Hunter (2011)",
    "rank": 7,
    "score": 9.06,
    "url": "https://myanimelist.net/anime/11061/Hunter_x_Hunter_2011",
    "image": "https://cdn.myanimelist.net/r/50x70/images/anime/11/33657.jpg?s=5724d8c22ae7a1dad72d8f4229ef803f",
    "info": {
      "type": "TV",
      "episodes": 148,
      "startDate": "2011-10-01",
      "endDate": "2014-09-01",
      "members": 2093957
    }
  },
  {
    "title": "Ginga Eiyuu Densetsu",
    "rank": 8,
    "score": 9.05,
    "url": "https://myanimelist.net/anime/820/Ginga_Eiyuu_Densetsu",
    "image": "https://cdn.myanimelist.net/r/50x70/images/anime/13/13225.jpg?s=385cedad342e284c5765833ab1cddc1c",
    "info": {
      "type": "OVA",
      "episodes": 110,
      "startDate": "1988-01-01",
      "endDate": "1997-03-01",
      "members": 258734
    }
  },
  {
    "title": "Gintama': Enchousen",
    "rank": 9,
    "score": 9.04,
    "url": "https://myanimelist.net/anime/15417/Gintama__Enchousen",
    "image": "https://cdn.myanimelist.net/r/50x70/images/anime/6/75172.jpg?s=38a6e800ace5bcbee7a17b6c351ba987",
    "info": {
      "type": "TV",
      "episodes": 13,
      "startDate": "2012-10-01",
      "endDate": "2013-03-01",
      "members": 255727
    }
  },
  {
    "title": "Gintama: The Final",
    "rank": 10,
    "score": 9,
    "url": "https://myanimelist.net/anime/39486/Gintama__The_Final",
    "image": "https://cdn.myanimelist.net/r/50x70/images/anime/1027/109706.jpg?s=29712c4254f5acc66580a2107fe6643d",
    "info": {
      "type": "Movie",
      "episodes": 1,
      "startDate": "2021-01-01",
      "endDate": "2021-01-01",
      "members": 74519
    }
  },
  {
    "title": "Gintama.",
    "rank": 11,
    "score": 8.99,
    "url": "https://myanimelist.net/anime/34096/Gintama",
    "image": "https://cdn.myanimelist.net/r/50x70/images/anime/3/83528.jpg?s=948f092dd55fb2572f38a0e21f03b642",
    "info": {
      "type": "TV",
      "episodes": 12,
      "startDate": "2017-01-01",
      "endDate": "2017-03-01",
      "members": 240649
    }
  },
  {
    "title": "3-gatsu no Lion 2nd Season",
    "rank": 12,
    "score": 8.98,
    "url": "https://myanimelist.net/anime/35180/3-gatsu_no_Lion_2nd_Season",
    "image": "https://cdn.myanimelist.net/r/50x70/images/anime/3/88469.jpg?s=becfbf556902bc3501e06a07354b9d76",
    "info": {
      "type": "TV",
      "episodes": 22,
      "startDate": "2017-10-01",
      "endDate": "2018-03-01",
      "members": 317761
    }
  },
  {
    "title": "Koe no Katachi",
    "rank": 13,
    "score": 8.97,
    "url": "https://myanimelist.net/anime/28851/Koe_no_Katachi",
    "image": "https://cdn.myanimelist.net/r/50x70/images/anime/1122/96435.jpg?s=56d2750d600af93a5d326daec7748cae",
    "info": {
      "type": "Movie",
      "episodes": 1,
      "startDate": "2016-09-01",
      "endDate": "2016-09-01",
      "members": 1732822
    }
  },
  {
    "title": "Clannad: After Story",
    "rank": 14,
    "score": 8.95,
    "url": "https://myanimelist.net/anime/4181/Clannad__After_Story",
    "image": "https://cdn.myanimelist.net/r/50x70/images/anime/1299/110774.jpg?s=fcd9db2cfd72c10a2278f483173cfff9",
    "info": {
      "type": "TV",
      "episodes": 24,
      "startDate": "2008-10-01",
      "endDate": "2009-03-01",
      "members": 1011110
    }
  },
  {
    "title": "Gintama",
    "rank": 15,
    "score": 8.95,
    "url": "https://myanimelist.net/anime/918/Gintama",
    "image": "https://cdn.myanimelist.net/r/50x70/images/anime/10/73274.jpg?s=ed42453c10ba12b03b1600d02725a174",
    "info": {
      "type": "TV",
      "episodes": 201,
      "startDate": "2006-04-01",
      "endDate": "2010-03-01",
      "members": 868650
    }
  },
  {
    "title": "Gintama Movie 2: Kanketsu-hen - Yorozuya yo Eien Nare",
    "rank": 16,
    "score": 8.94,
    "url": "https://myanimelist.net/anime/15335/Gintama_Movie_2__Kanketsu-hen_-_Yorozuya_yo_Eien_Nare",
    "image": "https://cdn.myanimelist.net/r/50x70/images/anime/10/51723.jpg?s=27cd24446486572fb64c42a689d38902",
    "info": {
      "type": "Movie",
      "episodes": 1,
      "startDate": "2013-07-01",
      "endDate": "2013-07-01",
      "members": 192370
    }
  },
  {
    "title": "Shingeki no Kyojin: The Final Season",
    "rank": 17,
    "score": 8.92,
    "url": "https://myanimelist.net/anime/40028/Shingeki_no_Kyojin__The_Final_Season",
    "image": "https://cdn.myanimelist.net/r/50x70/images/anime/1000/110531.jpg?s=3df5ebb6800604dc04c6a6187dd7161b",
    "info": {
      "type": "TV",
      "episodes": 16,
      "startDate": "2020-12-01",
      "endDate": "2021-03-01",
      "members": 1296395
    }
  },
  {
    "title": "Owarimonogatari 2nd Season",
    "rank": 18,
    "score": 8.91,
    "url": "https://myanimelist.net/anime/35247/Owarimonogatari_2nd_Season",
    "image": "https://cdn.myanimelist.net/r/50x70/images/anime/6/87322.jpg?s=3e60507a4b6016d83e7433aa4cb7853e",
    "info": {
      "type": "TV",
      "episodes": 7,
      "startDate": "2017-08-01",
      "endDate": "2017-08-01",
      "members": 317094
    }
  },
  {
    "title": "Code Geass: Hangyaku no Lelouch R2",
    "rank": 19,
    "score": 8.91,
    "url": "https://myanimelist.net/anime/2904/Code_Geass__Hangyaku_no_Lelouch_R2",
    "image": "https://cdn.myanimelist.net/r/50x70/images/anime/4/9391.jpg?s=be052972605dd5422ef2df117766cff0",
    "info": {
      "type": "TV",
      "episodes": 25,
      "startDate": "2008-04-01",
      "endDate": "2008-09-01",
      "members": 1442442
    }
  },
  {
    "title": "Kimi no Na wa.",
    "rank": 20,
    "score": 8.9,
    "url": "https://myanimelist.net/anime/32281/Kimi_no_Na_wa",
    "image": "https://cdn.myanimelist.net/r/50x70/images/anime/5/87048.jpg?s=2bca128fcb9dfd6d0908f3d9986576c6",
    "info": {
      "type": "Movie",
      "episodes": 1,
      "startDate": "2016-08-01",
      "endDate": "2016-08-01",
      "members": 2113908
    }
  },
  {
    "title": "Gintama.: Shirogane no Tamashii-hen - Kouhan-sen",
    "rank": 21,
    "score": 8.88,
    "url": "https://myanimelist.net/anime/37491/Gintama__Shirogane_no_Tamashii-hen_-_Kouhan-sen",
    "image": "https://cdn.myanimelist.net/r/50x70/images/anime/1776/96566.jpg?s=e1aed468f049dd9444375e9149d33d65",
    "info": {
      "type": "TV",
      "episodes": 14,
      "startDate": "2018-07-01",
      "endDate": "2018-10-01",
      "members": 142672
    }
  },
  {
    "title": "Shiguang Dailiren",
    "rank": 22,
    "score": 8.87,
    "url": "https://myanimelist.net/anime/44074/Shiguang_Dailiren",
    "image": "https://cdn.myanimelist.net/r/50x70/images/anime/1135/114867.jpg?s=048f06f7edb150d017394574a108c72c",
    "info": {
      "type": "ONA",
      "episodes": 11,
      "startDate": "2021-04-01",
      "endDate": "2021-07-01",
      "members": 117504
    }
  },
  {
    "title": "Violet Evergarden Movie",
    "rank": 23,
    "score": 8.87,
    "url": "https://myanimelist.net/anime/37987/Violet_Evergarden_Movie",
    "image": "https://cdn.myanimelist.net/r/50x70/images/anime/1825/110716.jpg?s=3ad8359182d0b47905f28d0a68683171",
    "info": {
      "type": "Movie",
      "episodes": 1,
      "startDate": "2020-09-01",
      "endDate": "2020-09-01",
      "members": 307269
    }
  },
  {
    "title": "Mob Psycho 100 II",
    "rank": 24,
    "score": 8.82,
    "url": "https://myanimelist.net/anime/37510/Mob_Psycho_100_II",
    "image": "https://cdn.myanimelist.net/r/50x70/images/anime/1918/96303.jpg?s=b5b51cff7ba201e4f1acf37f4f44e224",
    "info": {
      "type": "TV",
      "episodes": 13,
      "startDate": "2019-01-01",
      "endDate": "2019-04-01",
      "members": 1068735
    }
  },
  {
    "title": "Gintama.: Shirogane no Tamashii-hen",
    "rank": 25,
    "score": 8.82,
    "url": "https://myanimelist.net/anime/36838/Gintama__Shirogane_no_Tamashii-hen",
    "image": "https://cdn.myanimelist.net/r/50x70/images/anime/12/89603.jpg?s=635cb89402d5d39f43767f3942e91206",
    "info": {
      "type": "TV",
      "episodes": 12,
      "startDate": "2018-01-01",
      "endDate": "2018-03-01",
      "members": 155834
    }
  },
  {
    "title": "Haikyuu!!: Karasuno Koukou vs. Shiratorizawa Gakuen Koukou",
    "rank": 26,
    "score": 8.81,
    "url": "https://myanimelist.net/anime/32935/Haikyuu__Karasuno_Koukou_vs_Shiratorizawa_Gakuen_Koukou",
    "image": "https://cdn.myanimelist.net/r/50x70/images/anime/7/81992.jpg?s=6d977383e0b5dc1ba1c122213178e547",
    "info": {
      "type": "TV",
      "episodes": 10,
      "startDate": "2016-10-01",
      "endDate": "2016-12-01",
      "members": 915870
    }
  },
  {
    "title": "Kizumonogatari III: Reiketsu-hen",
    "rank": 27,
    "score": 8.81,
    "url": "https://myanimelist.net/anime/31758/Kizumonogatari_III__Reiketsu-hen",
    "image": "https://cdn.myanimelist.net/r/50x70/images/anime/1084/112813.jpg?s=db4fcf9c5e229584ca1b04bcebe2c3dc",
    "info": {
      "type": "Movie",
      "episodes": 1,
      "startDate": "2017-01-01",
      "endDate": "2017-01-01",
      "members": 363794
    }
  },
  {
    "title": "Monster",
    "rank": 28,
    "score": 8.8,
    "url": "https://myanimelist.net/anime/19/Monster",
    "image": "https://cdn.myanimelist.net/r/50x70/images/anime/10/18793.jpg?s=08c4f10a101c3835eeb14ca0715512bd",
    "info": {
      "type": "TV",
      "episodes": 74,
      "startDate": "2004-04-01",
      "endDate": "2005-09-01",
      "members": 749626
    }
  },
  {
    "title": "Odd Taxi",
    "rank": 29,
    "score": 8.8,
    "url": "https://myanimelist.net/anime/46102/Odd_Taxi",
    "image": "https://cdn.myanimelist.net/r/50x70/images/anime/1981/113348.jpg?s=38082dbb5a64de5fc2129a59c46c3fe0",
    "info": {
      "type": "TV",
      "episodes": 13,
      "startDate": "2021-04-01",
      "endDate": "2021-06-01",
      "members": 189457
    }
  },
  {
    "title": "Sen to Chihiro no Kamikakushi",
    "rank": 30,
    "score": 8.8,
    "url": "https://myanimelist.net/anime/199/Sen_to_Chihiro_no_Kamikakushi",
    "image": "https://cdn.myanimelist.net/r/50x70/images/anime/6/79597.jpg?s=1f170071bc9a54ce2ba3c0d8c7aa6927",
    "info": {
      "type": "Movie",
      "episodes": 1,
      "startDate": "2001-07-01",
      "endDate": "2001-07-01",
      "members": 1468302
    }
  },
  {
    "title": "Monogatari Series: Second Season",
    "rank": 31,
    "score": 8.78,
    "url": "https://myanimelist.net/anime/17074/Monogatari_Series__Second_Season",
    "image": "https://cdn.myanimelist.net/r/50x70/images/anime/3/52133.jpg?s=b22811f98b26399cd65787af1447848c",
    "info": {
      "type": "TV",
      "episodes": 26,
      "startDate": "2013-07-01",
      "endDate": "2013-12-01",
      "members": 568011
    }
  },
  {
    "title": "Cowboy Bebop",
    "rank": 32,
    "score": 8.77,
    "url": "https://myanimelist.net/anime/1/Cowboy_Bebop",
    "image": "https://cdn.myanimelist.net/r/50x70/images/anime/4/19644.jpg?s=bb1e96eb0a0224a57aa45443eab92575",
    "info": {
      "type": "TV",
      "episodes": 26,
      "startDate": "1998-04-01",
      "endDate": "1999-04-01",
      "members": 1454311
    }
  },
  {
    "title": "Fate/stay night Movie: Heaven's Feel - III. Spring Song",
    "rank": 33,
    "score": 8.76,
    "url": "https://myanimelist.net/anime/33050/Fate_stay_night_Movie__Heavens_Feel_-_III_Spring_Song",
    "image": "https://cdn.myanimelist.net/r/50x70/images/anime/1142/112957.jpg?s=f0984cb6fcb8188ce26035b0b56de828",
    "info": {
      "type": "Movie",
      "episodes": 1,
      "startDate": "2020-08-01",
      "endDate": "2020-08-01",
      "members": 219427
    }
  },
  {
    "title": "Shouwa Genroku Rakugo Shinjuu: Sukeroku Futatabi-hen",
    "rank": 34,
    "score": 8.76,
    "url": "https://myanimelist.net/anime/33095/Shouwa_Genroku_Rakugo_Shinjuu__Sukeroku_Futatabi-hen",
    "image": "https://cdn.myanimelist.net/r/50x70/images/anime/10/82947.jpg?s=9f1dd28adde3fea5a733d1cfd7be7ad6",
    "info": {
      "type": "TV",
      "episodes": 12,
      "startDate": "2017-01-01",
      "endDate": "2017-03-01",
      "members": 157352
    }
  },
  {
    "title": "Mushishi Zoku Shou 2nd Season",
    "rank": 35,
    "score": 8.75,
    "url": "https://myanimelist.net/anime/24701/Mushishi_Zoku_Shou_2nd_Season",
    "image": "https://cdn.myanimelist.net/r/50x70/images/anime/9/68095.jpg?s=6025adedafce15a9d2c9363e225241ba",
    "info": {
      "type": "TV",
      "episodes": 10,
      "startDate": "2014-10-01",
      "endDate": "2014-12-01",
      "members": 220768
    }
  },
  {
    "title": "Hajime no Ippo",
    "rank": 36,
    "score": 8.74,
    "url": "https://myanimelist.net/anime/263/Hajime_no_Ippo",
    "image": "https://cdn.myanimelist.net/r/50x70/images/anime/4/86334.jpg?s=4b3096d30158e251d87c196e56c04e63",
    "info": {
      "type": "TV",
      "episodes": 75,
      "startDate": "2000-10-01",
      "endDate": "2002-03-01",
      "members": 435727
    }
  },
  {
    "title": "Jujutsu Kaisen (TV)",
    "rank": 37,
    "score": 8.74,
    "url": "https://myanimelist.net/anime/40748/Jujutsu_Kaisen_TV",
    "image": "https://cdn.myanimelist.net/r/50x70/images/anime/1171/109222.jpg?s=f5508bab9e7d610a28f12d1828a6ee79",
    "info": {
      "type": "TV",
      "episodes": 24,
      "startDate": "2020-10-01",
      "endDate": "2021-03-01",
      "members": 1454888
    }
  },
  {
    "title": "Vinland Saga",
    "rank": 38,
    "score": 8.73,
    "url": "https://myanimelist.net/anime/37521/Vinland_Saga",
    "image": "https://cdn.myanimelist.net/r/50x70/images/anime/1500/103005.jpg?s=b21dbd168612f531ce4eec9bd53e272b",
    "info": {
      "type": "TV",
      "episodes": 24,
      "startDate": "2019-07-01",
      "endDate": "2019-12-01",
      "members": 920306
    }
  },
  {
    "title": "Rurouni Kenshin: Meiji Kenkaku Romantan - Tsuioku-hen",
    "rank": 39,
    "score": 8.72,
    "url": "https://myanimelist.net/anime/44/Rurouni_Kenshin__Meiji_Kenkaku_Romantan_-_Tsuioku-hen",
    "image": "https://cdn.myanimelist.net/r/50x70/images/anime/1807/102419.jpg?s=f66e01379baa6d60de8ce23f0fbf2fe1",
    "info": {
      "type": "OVA",
      "episodes": 4,
      "startDate": "1999-02-01",
      "endDate": "1999-09-01",
      "members": 244244
    }
  },
  {
    "title": "Evangelion: 3.0+1.0 Thrice Upon a Time",
    "rank": 40,
    "score": 8.72,
    "url": "https://myanimelist.net/anime/3786/Evangelion__30_10_Thrice_Upon_a_Time",
    "image": "https://cdn.myanimelist.net/r/50x70/images/anime/1422/113533.jpg?s=1e4f4aa0e597b1c1f082779ab9baa2fc",
    "info": {
      "type": "Movie",
      "episodes": 1,
      "startDate": "2021-03-01",
      "endDate": "2021-03-01",
      "members": 227386
    }
  },
  {
    "title": "Kimetsu no Yaiba Movie: Mugen Ressha-hen",
    "rank": 41,
    "score": 8.72,
    "url": "https://myanimelist.net/anime/40456/Kimetsu_no_Yaiba_Movie__Mugen_Ressha-hen",
    "image": "https://cdn.myanimelist.net/r/50x70/images/anime/1704/106947.jpg?s=685b7fa652f5b3df29bd20fc2c8cb32e",
    "info": {
      "type": "Movie",
      "episodes": 1,
      "startDate": "2020-10-01",
      "endDate": "2020-10-01",
      "members": 820146
    }
  },
  {
    "title": "Code Geass: Hangyaku no Lelouch",
    "rank": 42,
    "score": 8.71,
    "url": "https://myanimelist.net/anime/1575/Code_Geass__Hangyaku_no_Lelouch",
    "image": "https://cdn.myanimelist.net/r/50x70/images/anime/5/50331.jpg?s=afd09d7e5d76283418a1a22e7c122ca9",
    "info": {
      "type": "TV",
      "episodes": 25,
      "startDate": "2006-10-01",
      "endDate": "2007-07-01",
      "members": 1820881
    }
  },
  {
    "title": "Mushishi Zoku Shou",
    "rank": 43,
    "score": 8.71,
    "url": "https://myanimelist.net/anime/21939/Mushishi_Zoku_Shou",
    "image": "https://cdn.myanimelist.net/r/50x70/images/anime/13/58533.jpg?s=ff40f900ea0877725ccde517b126c531",
    "info": {
      "type": "TV",
      "episodes": 10,
      "startDate": "2014-04-01",
      "endDate": "2014-06-01",
      "members": 251354
    }
  },
  {
    "title": "Made in Abyss",
    "rank": 44,
    "score": 8.7,
    "url": "https://myanimelist.net/anime/34599/Made_in_Abyss",
    "image": "https://cdn.myanimelist.net/r/50x70/images/anime/6/86733.jpg?s=56ac623880ec87f3a0197e0391bc12c3",
    "info": {
      "type": "TV",
      "episodes": 13,
      "startDate": "2017-07-01",
      "endDate": "2017-09-01",
      "members": 1016417
    }
  },
  {
    "title": "Made in Abyss Movie 3: Fukaki Tamashii no Reimei",
    "rank": 45,
    "score": 8.7,
    "url": "https://myanimelist.net/anime/36862/Made_in_Abyss_Movie_3__Fukaki_Tamashii_no_Reimei",
    "image": "https://cdn.myanimelist.net/r/50x70/images/anime/1502/110723.jpg?s=371a6b383817649bb1d3468f03522f66",
    "info": {
      "type": "Movie",
      "episodes": 1,
      "startDate": "2020-01-01",
      "endDate": "2020-01-01",
      "members": 275125
    }
  },
  {
    "title": "Great Teacher Onizuka",
    "rank": 46,
    "score": 8.69,
    "url": "https://myanimelist.net/anime/245/Great_Teacher_Onizuka",
    "image": "https://cdn.myanimelist.net/r/50x70/images/anime/13/11460.jpg?s=7e890b7e93b7b57c2de4aa90211931bd",
    "info": {
      "type": "TV",
      "episodes": 43,
      "startDate": "1999-06-01",
      "endDate": "2000-09-01",
      "members": 664738
    }
  },
  {
    "title": "Mononoke Hime",
    "rank": 47,
    "score": 8.69,
    "url": "https://myanimelist.net/anime/164/Mononoke_Hime",
    "image": "https://cdn.myanimelist.net/r/50x70/images/anime/7/75919.jpg?s=0d877ed9aa60cc49fdb128a2f68386e2",
    "info": {
      "type": "Movie",
      "episodes": 1,
      "startDate": "1997-07-01",
      "endDate": "1997-07-01",
      "members": 1004728
    }
  },
  {
    "title": "Shigatsu wa Kimi no Uso",
    "rank": 48,
    "score": 8.69,
    "url": "https://myanimelist.net/anime/23273/Shigatsu_wa_Kimi_no_Uso",
    "image": "https://cdn.myanimelist.net/r/50x70/images/anime/3/67177.jpg?s=bc267f764bffe825e1e8d60f7185a2e9",
    "info": {
      "type": "TV",
      "episodes": 22,
      "startDate": "2014-10-01",
      "endDate": "2015-03-01",
      "members": 1743597
    }
  },
  {
    "title": "Mushishi",
    "rank": 49,
    "score": 8.68,
    "url": "https://myanimelist.net/anime/457/Mushishi",
    "image": "https://cdn.myanimelist.net/r/50x70/images/anime/2/73862.jpg?s=d976f75f480430a0c9fde4455696131d",
    "info": {
      "type": "TV",
      "episodes": 26,
      "startDate": "2005-10-01",
      "endDate": "2006-06-01",
      "members": 688225
    }
  },
  {
    "title": "Ashita no Joe 2",
    "rank": 50,
    "score": 8.68,
    "url": "https://myanimelist.net/anime/2921/Ashita_no_Joe_2",
    "image": "https://cdn.myanimelist.net/r/50x70/images/anime/3/45028.jpg?s=bf58ff0c0759f78bf968a74ec535d0d2",
    "info": {
      "type": "TV",
      "episodes": 47,
      "startDate": "1980-10-01",
      "endDate": "1981-08-01",
      "members": 36136
    }
  }
]